year,million_60kgs_bag,nonbear_mill_trees,bear_mill_trees,avg_unemp_perc
1970-12-31,8.991304347826087,995.0454545454545,5648.409090909091,8.881343283582089
